7.490802376947249819e+00,3.702658576772392962e+00,1.190247672045597049e+01
1.901428612819832153e+01,1.083801894756716244e+01,-1.963023466399231509e+01
1.463987883622810138e+01,1.745891671752816521e+01,-1.873292245730517003e+00
1.197316968394073200e+01,1.464449772819122408e+01,5.144715239443348409e+00
3.120372808848730362e+00,1.613122295722899580e+01,2.055834804536772253e+01
3.119890406724052934e+00,1.317566733421434755e+01,1.899787044861016483e+01
1.161672243363989221e+00,1.384553129035704977e+01,2.034823419820935086e+01
1.732352291549870316e+01,1.698391303130638619e+01,-1.074361961183355874e+01
1.202230023486417565e+01,4.993360177183719273e+00,1.711154256021903963e+00
1.416145155592090887e+01,9.788499272862809519e+00,-1.333346016848508953e-01
4.116898859160489366e-01,4.424188836392044522e+00,1.589296285649039397e+01
1.939819704323988603e+01,1.975336015993293870e+01,-1.500813559725251523e+01
1.664885281600843570e+01,1.888118679373226527e+01,-4.632514969527678161e+00
4.246782213565523101e+00,7.885362273701179703e-01,1.321446556590077925e+01
3.636499344142012369e+00,1.411150345031376929e+01,2.044268644328698770e+01
3.668090197068676339e+00,1.850496634831331733e+01,1.982849669582488517e+01
6.084844859190754462e+00,3.611506902546670617e+00,1.277039977769466894e+01
1.049512863264475726e+01,1.135890461105258886e+01,8.137184675020968427e+00
8.638900372842314823e+00,1.830976595176083777e+01,1.677920932425863043e+01
5.824582803960838717e+00,6.789195717159768328e-01,1.059930010927294219e+01
1.223705789444758985e+01,1.394840534493679840e+01,7.766492072310867911e+00
2.789877213040836690e+00,5.946980147451014886e+00,1.580746856992409732e+01
5.842892970704363087e+00,1.848792390753060744e+01,2.063206100536564946e+01
7.327236865873834049e+00,1.942116490330735701e+01,1.580097313927396740e+01
9.121399684340719460e+00,1.888532978226867698e+01,1.534586911281062527e+01
1.570351922786027288e+01,9.484284333149275881e+00,-8.506009744585483645e+00
3.993475643167194722e+00,1.724085301978626816e+01,1.994008774035948761e+01
1.028468876827223255e+01,1.689098797070140634e+01,9.309277934803386501e+00
1.184829137724084980e+01,6.382009464865112669e+00,4.048517684537580763e+00
9.290082543999544917e-01,1.657830948301354823e+01,2.152279454088724719e+01
1.215089703802876642e+01,7.401526943098524214e-01,1.575582258598025476e+00
3.410482473745830578e+00,1.192539756964105990e+01,1.881379002276711532e+01
1.301031859705590321e+00,4.600176745754060548e+00,1.659348433344749196e+01
1.897771074506666622e+01,2.411337715545576188e+00,-1.717134043778232666e+01
1.931264066149118719e+01,1.539064032584183117e+00,-2.462103022782109463e+01
1.616794696232922135e+01,1.392577551756279419e+01,-7.974913813369179039e+00
6.092275383467413263e+00,6.797499275361323257e+00,1.302995991768424844e+01
1.953442280127677400e+00,1.449533543057522955e+01,2.038878229600695846e+01
1.368466053024313744e+01,1.307126815978847389e+00,-5.350324078730025690e+00
8.803049874792026941e+00,6.305806756612206243e+00,7.898974443326433281e+00
2.440764696895576513e+00,1.078982584750674434e+01,1.955273129058576487e+01
9.903538202225403708e+00,1.581446329677927132e+01,1.049884410358318299e+01
6.877704223043679121e-01,6.375050058641398287e+00,1.785708482955281795e+01
1.818640804157564261e+01,1.251782752874018101e+01,-1.018463713044807584e+01
5.175599632000338346e+00,1.771955496472374136e+01,1.847664258128476789e+01
1.325044568707964032e+01,1.231726376364609088e+01,1.974168290227852118e+00
6.234221521788219533e+00,4.659189495072675768e+00,1.170042187607939965e+01
1.040136042355621626e+01,4.880156311307604078e-01,2.187580792408550856e+00
1.093420558686559296e+01,1.740197747801859762e+01,1.234423251951948686e+01
3.697089110510540788e+00,4.253882170077427638e-01,1.511085191618844448e+01
1.939169255529117208e+01,1.749403345368398988e+01,-1.576348528373397428e+01
1.550265646722229107e+01,1.057874268054423972e+01,-3.174077112813257884e+00
1.878997883128378277e+01,1.878135397025792486e+01,-1.025983228612629539e+01
1.789654700855297520e+01,1.597566471547330735e+01,-1.070847159780736391e+01
1.195799957622170240e+01,1.995868221066675119e+01,8.448402057619968986e+00
1.843748470046233479e+01,7.014236309034203032e+00,-1.763541719587968615e+01
1.769850041038389943e+00,1.534376577862253832e+01,2.133767588852089148e+01
3.919657248382903969e+00,8.038618272184843150e+00,1.680552582841803400e+01
9.045457782107613198e-01,9.597512406078177349e+00,1.868928784108663876e+01
6.506606615265287274e+00,1.255010926436740171e+01,1.574378221477815032e+01
7.773545793789640612e+00,1.747354228372677554e+01,1.455945404175174929e+01
5.426980635477917758e+00,1.968166938398590204e+01,1.992388434810500186e+01
1.657475018303858860e+01,1.536546827729036480e+01,-6.910809608976113516e+00
7.135066533871786021e+00,8.355335643346675667e+00,1.339724957848723541e+01
5.618690193747615247e+00,8.427140045541403168e+00,1.482777613492281432e+01
1.085392166316496976e+01,1.475164603177782929e+01,9.376960704771605037e+00
2.818484499495252926e+00,4.775542915366046692e+00,1.692326069349623197e+01
1.604393961508079514e+01,2.209482262627893157e+00,-1.201587397387669931e+01
1.491012873595416455e+00,7.092443152815530283e+00,1.725003275770803057e+01
1.973773873201034590e+01,5.744779833081635090e+00,-2.080240793024918844e+01
1.544489538593314748e+01,5.926162409119801744e+00,-7.607091047241983262e+00
3.974313630683448118e+00,4.672155020998198793e+00,1.490676016830953188e+01
1.104423424720479829e-01,8.418637927272376587e-01,1.513096722819958373e+01
1.630922856909668184e+01,3.574786946682761979e-01,-1.267790368468556039e+01
1.413714687695234318e+01,1.975444779472062962e+01,3.774755817391558743e+00
1.458014336081974704e+01,8.555462674717247751e+00,-4.974023378547007823e+00
1.542540693371891436e+01,7.686532943193633116e+00,-7.706306044970021141e+00
1.480893034681807219e+00,1.359294565386139730e+01,2.059405032743401165e+01
7.169314570885452653e+00,4.365077757301283334e+00,1.136775006909278751e+01
2.317381190502594279e+00,1.899922367900450837e+01,2.210143335833687672e+01
1.726206851751187088e+01,1.572690028831104136e+01,-5.761020101814406047e+00
1.246596253655115838e+01,1.788220046245190265e+00,-5.721048845210132683e-01
6.617960497052983726e+00,8.351615515698567194e+00,1.215154384583155789e+01
1.271167005720472698e+00,1.758236615124329205e+01,2.178706702990027821e+01
6.219646434313244043e+00,1.889464044582820534e+01,1.693897394925388511e+01
6.503666440534940918e+00,9.348030224997394555e+00,1.283553597074780406e+01
1.459212356676128053e+01,1.226822778421415450e+01,-1.248306352530315522e+00
1.275114942710426291e+01,3.340678921841504501e+00,-2.424625880052819760e+00
1.774425485152653081e+01,1.982337252273953254e+01,-8.864813550653874330e+00
9.444298503238986342e+00,4.633434027668867472e+00,7.437828070120265700e+00
2.391884918766034041e+00,1.885463548270251266e+01,2.275310937043297699e+01
1.426489574445989916e+01,1.299293297984736917e+01,-1.219653272229006546e-01
1.521570097233794883e+01,1.215473589757718287e+01,-2.201871068953764166e+00
1.122554395138992511e+01,1.025377022033017127e+01,8.692173254100932667e+00
1.541934359909122065e+01,4.613396234355173320e+00,-4.466625039654373630e+00
9.875911927287814862e+00,3.530560640110165238e+00,5.960275149702956909e+00
1.045465658763988159e+01,4.409724181403507082e+00,7.835974908027342423e+00
8.550820367170992142e+00,3.728765242885090370e+00,1.014807501683437962e+01
5.083825348819037693e-01,1.559168947133506578e+01,2.053608960803143901e+01
2.157828539866089024e+00,7.002505183334601924e+00,1.776822315079650139e+01
6.285837137346850234e-01,1.156853531267927337e+00,1.511458850949901844e+01
1.272820822527560836e+01,1.938205260281622699e+01,9.086991212831385667e+00
6.287119621526533919e+00,1.767571769926851388e+01,1.642211952504102612e+01
1.017141382329405630e+01,1.855504566390425936e+01,1.261745301839628652e+01
1.815132947852185907e+01,1.989815645292870627e+01,-9.683539279310441117e+00
4.985844582977499329e+00,3.477904984389745824e+00,1.230173525973569681e+01
8.207658460712593751e+00,7.924840378053175094e+00,1.311965412874083015e+01
1.511102277086097345e+01,1.516476951408182572e+01,-1.279350088865721879e+00
4.575963309832449255e+00,1.392041236107584368e+01,1.963411433893476499e+01
1.539598196575859834e+00,3.077918126797101195e+00,1.556275952501044024e+01
5.795029058275360967e+00,1.631666249981235595e+01,1.870065704496656522e+01
3.224425745080088390e+00,4.488811436733213256e+00,1.686086020948263098e+01
1.859395304685146044e+01,4.476352296452461133e+00,-1.486066594045083988e+01
1.616240759128833915e+01,1.073948845786827100e+01,-8.800089714564951038e+00
1.266807513020846976e+01,1.185879869683406262e+01,2.328982765430613888e+00
1.742921180375435597e+01,1.160172415675622304e+01,-8.131779042523852752e+00
1.607344153798229058e+01,1.829736747955097442e+00,-1.262223098046863612e+01
3.731401177720716777e+00,1.754921725260760823e+01,2.124738439154353387e+01
1.785117996979955635e+01,5.312000851774120846e+00,-1.316775935486287352e+01
1.078684483831301399e+01,2.590298425656083481e+00,5.178363700471644293e+00
1.614880310328124935e+01,1.777496159737954429e+01,-6.518163702535240134e+00
1.792182599846986335e+01,1.911302996459506787e+01,-9.781608482378192804e+00
6.360069499437277507e+00,1.724255234530901149e+01,1.838438330549914212e+01
2.201038490553535176e+00,1.619032149449756020e+01,2.029661369313174291e+01
4.558703250838833654e+00,1.310483961278043452e+01,1.808670390482578583e+01
8.542155772525125812e+00,1.101714741218278704e+01,1.181581383873869484e+01
1.636029531844986096e+01,1.739735198228202773e+00,-1.159305588520582830e+01
1.721461166512686702e+01,8.169064261413973682e+00,-9.438570169142860067e+00
1.390426106238140669e-01,7.453770340246279602e+00,1.628168791458508480e+01
1.021494605155131552e+01,5.195075675206524579e+00,7.417741895198867397e+00
8.348220062975579836e+00,1.446840227377169796e+01,1.591099212429892695e+01
4.442156209414605428e+00,9.917514701575417035e+00,1.710226769794852331e+01
2.397307346673656081e+00,1.620924318152958676e+00,1.448135447484058425e+01
6.752303428072559122e+00,4.403664038996226715e+00,1.030381831644175783e+01
1.885819407825038496e+01,1.366517527319191849e+01,-1.483331497706995705e+01
6.464058640415104584e+00,1.522617189806003690e+00,1.067390294385231542e+01
1.037581243486732241e+01,1.702413828097537518e+01,1.256899402691821344e+01
1.406037917790355607e+01,9.902930540279486493e+00,1.428654359191234846e+00
7.272592047585879627e+00,9.611731546532960024e+00,1.496108798851165034e+01
1.943564165441921432e+01,1.184815569319035156e+01,-2.043169492376789975e+01
1.924894589884222285e+01,1.649361931850298291e+01,-1.599564110556229579e+01
5.035645916507283104e+00,6.956184158043861032e+00,1.451262996739205313e+01
9.944970117847709901e+00,1.356032305118127113e+01,1.106086767564831597e+01
6.017566196335392803e+00,1.131463927991582175e+01,1.436760183316736672e+01
5.696809887549352247e+00,5.340565403388426446e+00,1.243459533700224995e+01
7.377389470906559055e-01,1.757259972710316021e+01,2.185683342228541903e+01
1.219128667959793688e+01,1.594852043213856163e+01,5.669137494828098589e+00
1.005358046457723020e+01,1.316903669316850944e+01,1.116212087946442111e+01
1.029575024999787036e+00,1.701163458188483801e+01,2.167031310303267588e+01
5.572929284732229149e+00,1.734588401919604905e+01,1.996793455091800951e+01
1.816531771933307482e+01,1.416725953430069573e+01,-1.307029087175901694e+01
4.791237813339447982e+00,1.674026656727344076e+01,1.784093389895507187e+01
2.897897441824461851e+00,1.394942923338567198e+01,2.017062307360960460e+01
9.789055205551260741e+00,1.360281543520600778e+01,1.299441598169471490e+01
1.971300908221201453e+01,1.237222756430368520e+01,-2.163306339588193339e+01
4.841105430230008722e+00,1.505433279115282375e+01,1.775790476222413616e+01
1.344271094811757195e+01,3.172102105861474008e+00,-4.331728319191947563e+00
1.523239230657435073e+01,1.761741518397856865e+01,-3.793836316348469850e+00
4.752750879847993382e+00,1.743687055490464033e+01,2.116393336815561099e+01
1.456432697223719153e+01,5.849456606911829226e-01,-3.870760211894054947e+00
7.355662654385064059e+00,1.651633501129525428e+01,1.791028196631705072e+01
1.264611661187158909e+01,2.577397349468903975e+00,2.382780689929989038e+00
1.267059421521789453e+01,6.702377085182837924e+00,1.372800355183924736e+00
1.071549368149517001e+01,1.487016512583215544e+01,1.129393784373769449e+01
1.805795401088166052e+00,3.215197920966164080e+00,1.568854857057923269e+01
1.670604991178475984e+01,1.635934048238124205e+01,-6.313097547572045443e+00
6.415601299434716687e+00,1.664268355915483966e+01,1.746428366549916689e+01
3.730370207997084631e+00,1.014935467521672408e+01,1.788017844666923395e+01
8.155028310952783244e-01,1.277174343366715981e-01,1.496337863825059955e+01
1.181785886376483674e+01,5.740762663498255591e+00,9.702917168146552029e-01
1.355128723684564918e+01,1.233853836751484323e+01,-1.048055741488251869e-01
3.317565785571230386e-01,1.962372356054846989e+01,2.259004470289693955e+01
1.024186116598562002e+01,1.263627054033336705e+01,8.225256856334912214e+00
4.529915503958759082e+00,5.196071621283195441e+00,1.351615350810039473e+01
1.290345580818899762e+01,1.268011406199222790e+01,4.065941679264608588e+00
3.487328580099828823e+00,1.079970759431710903e+01,1.805755084284221823e+01
1.381875476204931985e+01,1.559690790302287233e+01,4.626659603874500704e+00
7.734706926010748163e+00,2.139612776539168149e+00,8.348152909419283674e+00
1.873459977473468996e+01,1.522055805004056062e+01,-1.204769169352852032e+01
2.750418882919865027e+00,1.082533157352220599e+01,1.756444331132843928e+01
6.821327021005170188e+00,1.925984007717989144e+01,1.701601796226275098e+01
2.269470424811781406e+00,6.837443320773721744e+00,1.737517946590957507e+01
1.849387236557125647e+01,1.265243786267896198e+01,-1.122850361656215057e+01
1.754678706761961848e+01,1.864056211020034937e+01,-7.333353471694787018e+00
5.158832554303112161e+00,2.050194559813585116e+00,1.165991566049855344e+01
1.319968092068357990e+01,1.874456974472902360e+01,6.858717902125611054e+00
1.634444400402431796e+01,1.375771444601626747e+01,-8.925921505708075188e+00
1.110401623198924703e+01,1.356741182103438081e+00,4.655594924839122406e+00
1.059301156712012926e+01,6.019271338936325044e+00,8.079002905918175159e+00
4.837045818009033660e+00,1.416344177290563167e+01,1.742806856384576264e+01
1.862055356117984228e+00,1.347012029375433961e+00,1.556003648923248583e+01
1.794431515906653374e+01,1.164340920352546505e+01,-9.655629379473236185e+00
1.800836114326660820e+01,6.917661139059134712e+00,-1.722341121172253153e+01
1.266202914546535929e+01,1.241831035534954175e+01,4.342517918793634912e+00
6.780595820974014032e+00,9.148406762502570011e-01,1.061528738474042655e+01
6.984191492253217781e+00,1.743073612304752373e+01,1.846480007938221135e+01
1.451911357740478792e+01,1.946977938354793736e+01,1.548614934890281347e+00
1.794220519905154276e+01,1.937755710571383005e+01,-6.950363184054292987e+00
1.774172848530234603e+01,1.499303663485849469e+01,-8.009739008409880512e+00
1.559751091715247640e+01,2.601724802612639387e+00,-7.580589844385674070e+00
1.284063292308575477e+01,1.516526391858045208e+01,4.457590219906304441e+00
1.682799299900976653e+00,4.917383291760302200e-01,1.529669635565853447e+01
3.232574281892275359e+00,4.424710305799450794e-01,1.529375617062722270e+01
1.797108377054158623e+01,6.472204382990824456e+00,-1.491952158117760163e+01
1.212858119319179906e+01,9.772863808093315896e+00,2.324772029632582448e+00
1.839410323325929575e-01,1.540814835615586453e+01,2.064755985866300847e+01
2.029430857320642101e+00,1.366590753213010423e+01,2.041858046942495264e+01
1.327003538216111522e+01,8.918054127534967179e+00,-1.268803612733944153e+00
1.012316769243737369e-01,5.472533325633317958e+00,1.598306674021714358e+01
3.216161028349973083e+00,1.994249000315422293e+01,2.307022306154198077e+01
1.097467578733172289e+01,8.523626044719458505e+00,4.814962821989866804e+00
1.383790395385386418e+01,9.027740486593510028e+00,-2.306771078770422978e+00
1.303922519005201153e+01,3.272476423833383663e+00,-3.175423628011934341e+00
4.485386189211196140e+00,1.589619097499858746e+01,2.057268289861473676e+01
1.424358442695071680e+01,1.387364451562977230e+01,1.071590191239029544e+00
4.744981749936001414e+00,4.415392255775207886e+00,1.585766266438883676e+01
6.507993963185354502e+00,1.647620912316853925e+00,9.619916733936348052e+00
1.492982810236048330e+01,1.360998604149426150e+01,4.415403138809610439e-01
1.299265798094429414e+01,1.309022428562270512e+01,4.426063696704922279e+00
1.698446820988355910e+01,5.465190539964186911e+00,-1.446315269621198141e+01
1.315225784600686687e+01,1.901727124500820665e+01,2.900429938715343603e+00
1.136617206670943148e+01,3.021157835618004661e+00,3.816401712108159927e+00
1.873495356561849512e+00,8.646696020852038700e+00,1.781134251360323972e+01
7.354316061188670872e+00,1.887231840335197575e+01,1.820512770994551133e+01
5.304047353634508966e+00,8.394546338522445694e+00,1.640631393421929474e+01
4.879792867581671523e+00,1.277051895328171049e+01,1.694712646468073913e+01
1.946021109504891200e+01,7.951887959255885541e+00,-2.183380686134795212e+01
7.861954493335208127e+00,5.484304046973401014e+00,9.443352664245349359e+00
1.784093110354226752e+01,1.967955295919656322e+01,-1.093655143154460063e+01
1.262277251994525784e+01,8.186680126300860394e+00,3.172329667596269331e+00
1.589622607083296835e+01,1.788198407358268938e+01,-3.547880465620574242e-01
1.005274186210384180e+01,4.599092117821723669e+00,8.527823041579967622e+00
1.153807769252718174e+01,4.262094080501666049e+00,1.224740186484480020e+00
9.850353876377278439e+00,6.226816576902272082e-01,5.205301119775250562e+00
3.904859755960889967e+00,1.303333650751770101e+01,1.948873979714171156e+01
1.444904230523010646e+01,7.370526874475222812e+00,-3.761995567628687809e+00
5.615447248817115877e+00,1.728716499679273966e+01,1.929483845218905103e+01
4.863193286290767858e-01,9.464198133831143167e+00,1.947857989258249489e+01
1.290944591814335674e+01,1.936386855829443476e+01,3.583972644174661326e+00
3.542213588140978864e+00,3.710510314062422932e+00,1.591946623404711758e+01
1.880917168705828502e+01,1.737246335911221706e+01,-1.332386576973503090e+01
1.907857154005174749e+01,1.553193705583483464e+01,-1.267784118789952075e+01
1.829728780440897040e+01,1.541843689288104002e+01,-1.401893560929359239e+01
7.403174005108887457e+00,1.689566456233775327e+01,1.517685649193373010e+01
3.091323305773485686e-01,1.522047981885997814e+01,2.225259066263575036e+01
1.856637125175450720e+01,1.252440643262830733e+01,-1.430088231746053395e+01
8.563682966346286562e+00,2.624897553647751458e+00,7.710080080456284790e+00
1.933309638087339266e+01,6.505235898250383286e-01,-2.208625064780018477e+01
1.927239954178505599e+01,1.841695695631373653e+01,-1.459533806910986087e+01
1.706018910934720267e+01,1.233300629041476171e+01,-8.935808222143208468e+00
5.888977841391714207e+00,1.593074581952352631e+01,1.716197169777968767e+01
7.701954572038505198e+00,9.630447030251001905e+00,1.099956655960672869e+01
1.702273343033713715e+01,2.346163779247889547e+00,-1.081395539510790371e+01
6.338440103125552838e+00,2.503715844051008776e+00,1.168662195475974386e+01
3.389854933721849761e+00,1.371130574457942686e+01,2.006890922311395542e+01
1.113602524916700354e+01,8.606117897989253862e+00,8.451074549390204638e+00
1.872309548321561934e+01,4.010494534006734391e+00,-1.934317123975478836e+01
1.392059593349945956e+01,9.831890934828738438e+00,-3.022964751454848109e+00
1.140122340178729843e+01,1.284178741502681742e+00,4.645939477179012123e+00
1.943529875415370700e+00,1.163942803828797601e+01,1.888632071103597099e+01
1.230014453398339569e+01,5.379868088701953432e+00,1.524723865001007539e+00
1.980107700208526467e+01,1.595118201274376268e+01,-1.486371427252445798e+01
2.801680304730480575e+00,6.207239178471475327e+00,1.567418296793474575e+01
1.036659304727473518e+01,9.104402981636024350e+00,8.207247871485936486e+00
1.754746143855910745e+01,2.324107981620127106e-01,-1.800624397941118460e+01
1.481537235508408834e+01,1.448937755891177570e+00,-5.019790206130740451e+00
1.394031481990536037e+01,7.849871128133695919e+00,2.973357199136916762e-02
1.404968167974218574e+01,9.598776694342470606e+00,-3.006673506167580889e-01
7.189823024395103346e+00,1.200041096238607352e+01,1.267071605519101851e+01
5.871836885289867247e+00,5.833251574186064659e+00,1.441806543032971710e+01
1.618722310957027233e+01,1.389963772253085139e+01,-8.235881064895840709e+00
1.620226789358361685e+01,1.720244794378409026e+01,-2.218296308190045529e+00
1.734144637160207481e+01,1.559701977786699700e+01,-7.996307848731528445e+00
1.826481105112942771e+01,7.923765069671429018e-01,-1.530031281346487404e+01
1.022684797721875682e+01,9.610138945156577961e+00,6.575501552397307492e+00
1.003032589374399208e+01,2.098603568363497374e+00,7.642612301890569171e+00
1.596590357933550308e+01,4.840900317250548923e+00,-5.925118892835281592e+00
1.299927861555530306e+01,1.973325186534292897e+01,3.718044722914438438e+00
1.403933754515406740e+01,2.849910858030264560e+00,-1.621099967179664425e+00
1.591585338872202016e+01,9.977763069027121290e+00,-3.605846667263730154e+00
1.780010683635132551e+01,1.236311468636238153e+01,-1.129954608113866854e+01
6.759903137030716103e+00,1.404929941088207812e+01,1.731609408372855796e+01
7.511659052798879799e+00,1.119297366973828289e+01,1.520208377306420644e+01
1.879638796817379998e+00,1.954169483836731835e-01,1.495148909531620873e+01
1.156560281992348038e+01,6.529226164879837313e+00,4.519226865571151386e+00
7.188454759348417156e-01,1.035423286769422901e+01,1.878738654643438011e+01
9.311960362649202239e+00,1.757329982896667087e+00,5.670289951326055622e+00
1.085289269415153157e+01,7.012538624183615177e+00,7.577312031007215509e+00
5.730825042565688143e+00,6.640621758273312913e-01,1.090542183434688184e+01
1.181666521138021508e+01,1.571569943100414868e+00,9.855604514369389335e-01
6.100049987809885721e-01,7.938465524031920850e+00,1.862828552012068783e+01
7.469637749842883423e-01,2.654315080861207043e+00,1.573859021027927163e+01
1.645201121319316684e+01,1.135081696523116257e+01,-1.028124317950222988e+01
7.203812828225258258e+00,1.378929938274531430e+01,1.348910055922000595e+01
2.541210253037695654e+00,1.601173398218165644e+01,2.089969399934374650e+01
1.044486520109608740e+01,4.003004884896201432e+00,3.756219812680819281e+00
1.539987106197221678e+01,3.349651645181395132e+00,-4.727797339277698185e+00
4.316420549936863083e+00,2.091356806688005054e+00,1.453965870534037208e+01
1.245780951638000467e+01,1.272860499087273389e+01,7.086042319842791315e+00
1.706949299875359927e+00,1.412951452973802269e+01,1.990639044253322609e+01
1.033634423372153943e+00,6.317228965128407481e-01,1.516594755511866488e+01
1.062709263136295945e+01,1.872424492487379766e+01,9.129911883184087529e+00
1.081270243220212990e+01,1.039425673029448216e+00,1.413784065983056060e+00
1.274859802996413194e+01,1.082592670602140927e+01,2.535410141698040576e+00
1.452182667445323005e+01,1.418121038901832875e+01,-3.056151484575277522e+00
1.951704158925069166e+01,1.741938247492171143e+01,-1.424893832079835576e+01
1.032600696602390578e+01,1.428173864264855553e+01,1.047152315259962307e+01
6.459129458824919290e+00,1.603456166139583772e+01,1.743405585217303155e+01
1.590372389537407294e+01,6.789003850856120792e+00,-5.044970572467504688e+00
5.416645025241484390e+00,1.629650227493024417e+01,1.909640270433546050e+01
8.779428414112722123e+00,1.602296927693502848e+00,1.010018630428714914e+01
1.569127626845319146e+00,1.789633312121055297e+01,2.199859737188078412e+01
5.070148683091502129e-01,1.095184752307472564e+01,1.980820094583235047e+01
1.925296829355850292e+01,1.634595539924987406e+01,-1.398614828880395677e+01
1.671960241024411786e+01,9.046365690366002354e+00,-8.097701372280916132e+00
1.391948412187396045e+01,1.287155390393049892e+01,5.246565076604499112e-01
8.179058888285396733e+00,1.052805321872226330e+01,1.050426395928973911e+01
3.465886401416915508e+00,1.463179043510663746e+01,2.018836525740766064e+01
3.128740853421720924e+00,1.632599640611791525e+00,1.362159988207346473e+01
5.004857963291906131e+00,1.207041679811275969e+00,1.259185326043226283e+01
1.098453329412240898e+01,4.942064680202928884e+00,3.064985856253704455e+00
1.429191845400124627e+01,3.190893602263766837e+00,-1.493285957975803768e+00
1.320394753435462576e+01,1.743567133184403417e+01,2.545320685687428863e+00
5.598677938918856789e+00,4.384279747160886309e+00,1.266575733157403860e+01
1.909730561326388099e+01,1.951730511638262655e+01,-1.100686355257389337e+01
1.475793833391536936e+01,6.737915835422136901e+00,-6.475108043755239962e+00
1.108708105022801327e+01,3.642358313773985667e+00,5.227434236343628804e+00
1.223441492468704439e+01,1.579397014284958267e+01,3.845852307006436988e+00
8.392001248555798654e+00,1.317415551001752227e+01,1.202280674894829460e+01
4.954619790023149228e+00,9.963914329062779629e+00,1.527908287461428571e+01
7.119453573025231741e+00,1.110727101875262512e+01,1.336864905787113855e+01
1.515692220928738188e+01,1.438403556544527717e+01,-4.797509965300752910e+00
2.878697725951173680e-01,4.569094826625974548e+00,1.561452583594949495e+01
2.321452810138324718e+00,1.992667832113483684e+01,2.307277162662990122e+01
9.200528404350549749e-01,1.949586324293566264e+01,2.277959937943385071e+01
8.145760463794027295e-01,1.300651372693873853e+01,2.032508783153332033e+01
1.710921168022014527e+01,3.990849018582902641e+00,-1.478070922170973844e+01
1.407315718760047396e+01,1.360456484862582727e+01,1.104576844569222338e+00
9.483476581746504763e+00,1.443968179583516864e+00,8.616038882011578082e+00
1.956683213020029566e+00,6.130500441161212954e-01,1.548788028007640349e+01
9.832317502336646697e+00,5.153657770224273627e+00,8.298640655685511902e+00
9.469435415611313189e+00,9.252459134786326089e+00,8.965153513247656747e+00
3.464037398200303652e+00,1.736545010816761092e+01,2.018985684114363721e+01
8.677032984759460277e+00,1.454338139532616125e+01,1.437998738274297850e+01
7.970094687947469225e+00,1.485413042399962080e+01,1.285214735003065556e+01
1.231700196104432976e+01,8.509866688961507109e+00,9.478892565642667023e-01
1.270187301735287555e+01,6.918699850939258766e+00,1.420092965457999679e+00
9.060801954408903569e-01,7.420775259692053538e+00,1.784414623979731829e+01
7.492252292529424373e+00,1.975299127472115757e+01,1.661708707513072270e+01
1.251719831428472673e+01,8.021838282496496220e-01,-1.807901034893975023e+00
1.006272517160175362e+01,1.734062992244897217e+01,9.522764666558174440e+00
1.712979682376644419e+01,1.157350817144786781e+01,-1.063818568539510068e+01
1.317387263237890060e+01,8.772308383791809661e+00,2.762254748100317681e+00
3.258688541628593782e+00,1.450515320830272969e+01,1.957076510147364701e+01
1.411374948008596864e+00,9.733378828494057444e+00,1.901155597870626934e+01
1.284838556412631227e+01,1.746846476163321071e+01,2.968377103956499674e+00
5.302262108324362622e-01,1.801403728022517114e+01,2.225769418456780357e+01
1.171551162546926506e+01,8.434418537469108301e+00,2.213943955262180907e+00
1.880460482849915138e+01,5.536555944701031962e+00,-1.939694556172586815e+01
1.150948355751758001e+01,1.184700657186724371e+01,4.162564752099104481e+00
7.763398524130438183e+00,1.824726691233382070e+01,1.568753259206907025e+01
1.286576436884706354e+01,4.213243780113331560e+00,-1.699185245619604601e+00
9.165057809830333468e+00,1.245933167126965557e+01,1.355136325370719064e+01
1.091233578631869960e+01,1.263120440185041105e+01,7.226836759976498215e+00
1.882929617553050150e+01,1.466226044830562003e+01,-1.567843733655395155e+01
7.722052756015484576e+00,2.631353702545196072e+00,1.212321543431923310e+01
1.922381127647828336e+01,1.431649929364177076e+01,-1.902713719795765002e+01
1.810701283912127479e+01,1.818065041331281861e+01,-8.715664907139348827e+00
3.915822695785928786e+00,3.593662177404839397e+00,1.626623893619565564e+01
1.387226017503309095e+00,4.750866498477552824e+00,1.680692515297892697e+01
2.015560027548533029e+00,1.942790188083279190e+01,2.306143338890734640e+01
3.644365130309945577e-01,3.619539054189795380e+00,1.545693819257144597e+01
1.888859215118567914e+00,1.708770186739158348e+01,2.196040892457301652e+01
1.366013546832713743e+01,9.845557128960695792e+00,1.747714035210108818e+00
1.423772969204579741e+00,4.944621488063541292e+00,1.701772650357824190e+01
6.379512605875225617e+00,1.741499802545022746e+01,1.620973514828279249e+01
1.689750621938908992e+01,8.906105100053309798e+00,-1.084040542462481582e+01
4.654387147165173211e-01,1.029634707859380427e+01,1.985920868538215345e+01
1.628936965177871699e+01,7.184667387995313348e+00,-1.065209461268232971e+01
5.637095495467998596e+00,1.185901702869854901e+01,1.523637984373936405e+01
2.363296552433125086e+00,3.270477451700455340e+00,1.660303450743585785e+01
1.393474330728301247e+01,7.821630733035213723e+00,8.740251329474206798e-01
1.257885693559767937e+01,1.938824644670575026e+01,4.608905127261724743e+00
1.754944027054105860e+01,5.162668654022550818e+00,-1.234900050230755930e+01
1.470142087607771586e+01,1.313473329082584407e+01,-4.031362333650307050e+00
1.606961860769697026e+01,6.503801284493897938e+00,-1.029150824911154949e+01
5.640691451426129710e+00,1.546946251373201342e+01,1.688345486541214768e+01
3.548790875594456384e+00,2.617473214366996537e+00,1.495921633507396109e+01
1.501229503281716759e+01,1.939642090157089527e+01,2.476379763748073337e+00
1.613669478534528068e+01,9.075790827672784999e+00,-4.815288248865972065e+00
1.981010284001346733e+01,4.721009266929279136e+00,-2.433385225208221669e+01
8.252353538228529573e+00,1.469934946600253145e+00,7.886640535851866751e+00
7.440361715855663860e+00,3.395158101750814783e+00,1.107927162618093675e+01
1.552825921483993632e+01,1.039547897112035280e+01,-7.513203369545407462e+00
6.816070805060356896e+00,6.740063528625725553e+00,1.482701064736338381e+01
1.861514651207129489e+01,1.657766731765218893e+01,-1.109409887848812915e+01
1.716825503686023779e+01,8.617750473236117870e+00,-1.185951078095007283e+01
8.579880547500366106e+00,4.974285451752598064e+00,7.555175654295386956e+00
1.501742135582994742e+01,1.234289973208060154e+01,-2.627487041821199298e+00
1.509085748169364649e+01,1.413554433770891627e+01,-2.949243886037299589e+00
2.062477376718652167e+00,3.340838158018997195e+00,1.632400482070145387e+01
1.805105813359133293e+01,3.352384325766353257e+00,-1.836600272021895819e+01
1.010504744895714246e+01,7.334285386708594423e-01,7.172275730146073336e+00
1.652914932215483290e+01,1.472804030131280939e+01,-9.233799604550986473e+00
6.400992020612235045e+00,1.327609055243610214e+01,1.592262766876032032e+01
1.791046456992400948e+01,9.492617514996277706e+00,-1.223483652058169113e+01
7.784033574683261847e+00,1.688340897938394392e+01,1.466417633674859644e+01
2.167530296059672068e-01,1.611340305900106529e+01,2.196644076739933382e+01
1.810763952838527402e+01,1.170708728793504250e+01,-1.599510978178426868e+01
1.825733535722671164e+00,1.736542561026517362e+01,2.178423566441617965e+01
6.386272751808297343e+00,4.116824200735365480e+00,1.426700166051975316e+01
1.900123934101609890e+01,2.238392387954557528e+00,-2.313242426735755686e+01
1.901214293875112205e+01,5.394992230339791917e+00,-1.636056117265492915e+01
1.146875776246572265e+01,1.141737121786297049e+00,3.532419504409650024e+00
1.263674424339598445e+01,1.062339056002064019e+01,5.175264201452410617e+00
8.968910439566394999e+00,1.873211384589922801e+01,1.226009906527700544e+01
5.864215433961290636e+00,7.868708133701929341e-01,1.011546622882667457e+01
6.573290907398319227e+00,2.442198280200535976e+00,1.101867390203459607e+01
1.345036912154076880e+01,9.043980565668706006e+00,2.524920870674619788e+00
1.504749058875360035e+01,1.867750035055809832e+01,-2.862414724280771594e+00
1.583158087451696971e+01,6.323122099535010143e+00,-8.675859181925789088e+00
1.579236285589107780e+01,1.014469617376784782e+01,-5.847494474914773477e+00
1.824122060973807358e+00,8.314571810078419389e-01,1.560005956469889554e+01
9.888406094051628514e+00,2.966864019241777228e+00,4.406205794805130083e+00
1.151175200332885673e+00,1.973260245917693823e+01,2.266721124503141738e+01
1.099057764647471025e+01,1.930237392872091107e+01,8.253642367813950997e+00
8.830610027467539425e+00,9.879961868819231441e-02,8.909883694185268155e+00
1.775408365516599574e+01,1.903623570846477975e+01,-1.169364847373464400e+01
7.018300251041573290e+00,1.278239875631000722e+01,1.710595679788332646e+01
2.341340328552117267e+00,1.735836589040044231e+01,2.156322298089866152e+01
2.859833641056717113e+00,9.094797112677181161e+00,1.862781574840601451e+01
1.523021263434944572e+01,1.031192057158500575e+01,-4.144388863901872888e+00
1.236436126632522203e+01,9.776931605138404535e+00,6.132405317874132678e+00
2.022453522455804897e+00,1.333728515092208688e+01,2.060458270398613223e+01
1.682136122299948688e+00,2.793025095126258073e+00,1.531423935166735539e+01
1.401938262918239886e+01,5.994717974535590521e-01,-2.163814898593659386e+00
1.455260127283870553e+00,6.158598831823818287e+00,1.741903513134629833e+01
1.643720118580712608e+01,1.409361525473293497e+01,-8.424276421011541061e+00
1.412484454312992455e+01,4.037069042458966805e+00,-2.126930291947000562e+00
1.626975612837995300e+00,1.346864866649834624e+01,2.016067343948184032e+01
1.696754281703838352e+00,1.939824092214540840e+01,2.299872042149062779e+01
1.973279157002350814e+01,1.878014315788367750e+00,-2.496965246711165776e+01
7.485415915122406005e+00,1.345204236450252466e+01,1.510466460580767922e+01
7.412842941337817848e+00,8.875004386091422504e+00,1.342234372612745119e+01
1.625599134515005062e+01,1.736284508755010592e+01,-5.800479669998199306e+00
1.894497154767717362e+01,3.542995788947718161e+00,-2.215713177340366258e+01
1.972002127645741609e+01,1.385251904452329086e+01,-1.791140050520786886e+01
1.506756370517883248e+01,1.676230579296220569e+01,1.566989641974606329e+00
7.525191710618315710e+00,1.889228438948046573e+01,1.545133636210080397e+01
1.670014333973375287e+00,1.366496056579291718e+01,1.980881667137781932e+01
1.554293831854873531e+01,9.943495280168546557e+00,-6.759567623427940930e+00
1.116808499471610006e+01,1.235694480402427686e+01,6.927876382502750729e+00
8.484440184939526119e+00,1.737809968957436269e+01,1.520134612159059273e+01
1.812708770189471963e+01,1.141219493277659325e+01,-1.462001010361320752e+01
2.223949646123026813e+00,6.077411939367372007e-01,1.552865867402039157e+01
9.852502085817182120e+00,1.861897391013955527e+01,1.489740934252957416e+01
2.270728953483813761e-01,1.379053502063122316e+01,2.049603168767151828e+01
9.373212839882524960e+00,1.353026771554493024e+01,1.367661169425339018e+01
1.126065513636747006e+00,4.313503047954343472e+00,1.648111336670510241e+01
2.376358325361438428e+00,1.317770940465314311e+01,1.961913028739929032e+01
2.350524935542097626e+00,7.877288113083169563e+00,1.731841342272414863e+01
1.298420604232127218e+01,1.302465954082984112e+01,2.052329044531577829e+00
1.492089758530846666e+01,2.131860606159814431e+00,-5.374653467075143354e+00
1.166737530194319206e+01,1.315690609206072104e+01,7.677465861784657619e+00
1.924345096949083711e+01,1.998827451541333033e+01,-1.113852092242464842e+01
7.497411590474081677e+00,9.642407772111205588e-01,1.139869730162596539e+01
5.714241725637214664e+00,1.954348368442634509e+01,1.782865672980312155e+01
1.737198256378920647e+01,8.138159214457411750e+00,-1.193556304846092431e+01
4.471916770389052331e+00,1.741506900674518477e+01,2.088583463089329584e+01
1.926445078881222628e+01,1.564770968116546968e+01,-1.629010673409702648e+01
2.430894937963268276e-01,1.134032521973335506e+01,1.899921688573403600e+01
1.939757653415277971e+01,1.476898418502653065e+01,-1.838729968829297690e+01
8.631982390115222614e-01,1.757031122602695916e+01,2.187781419498490720e+01
1.782286227396142309e+01,8.082806433020659043e+00,-1.479693080204407352e+01
1.055402218172599760e+01,6.540663231264773891e+00,6.278090508785359347e+00
1.985929592238600705e+01,1.335186771127169436e+01,-1.624847788739572962e+01
1.475931294707977237e+00,1.615691883882517033e+01,2.087129589776699845e+01
1.107708568802641480e+01,1.524570269553231583e+01,7.157350603695522118e+00
1.938605071238198008e+01,1.595627297717268966e+01,-1.325536461199178007e+01
1.046195688340297636e+01,8.711666296258659514e+00,7.457515595997896263e+00
1.258797276270525067e+01,1.635668432350043133e+01,3.183416203501128194e+00
1.391497377969234250e+01,2.404181107412168839e+00,-1.050409271908834263e+00
9.090821295355464571e+00,1.088978195921699132e+01,8.885846334507125022e+00
1.255116160168126882e+01,1.151732099624314110e-01,1.802902927240285003e+00
1.168628623846200476e+01,6.491716598005405459e+00,5.044001520371161895e+00
1.802316020981977829e+01,7.329230697427957963e+00,-1.412245180517928844e+01
9.089276068291574084e-01,7.923453832185107792e+00,1.801087228190166201e+01
5.619263791844606004e+00,1.390934413379724433e+01,1.804567475638184604e+01
1.900822968153117642e+01,7.771162025406914253e+00,-1.820286363188657930e+01
1.780527567781832587e+01,8.973872452450613935e+00,-1.188947459858629507e+01
9.113135055714259636e+00,4.750882617486549719e+00,7.194217521739063592e+00
1.240265195603073423e+01,7.465035832586801590e+00,9.588572867852462878e-02
5.547623659622653136e+00,4.545392545263029049e+00,1.388324971871073643e+01
3.762423194475226218e+00,1.463918475368872762e+00,1.324252833279256869e+01
9.273968098799642235e+00,1.206897186762755858e+01,9.176168588229090872e+00
7.067044560521056340e+00,1.336425597110032548e+01,1.573606788339098372e+01
1.167312223701744145e+01,1.238980692019229046e+01,6.610413061862759676e+00
1.554692739299696758e+00,9.269880876011447057e+00,1.889098436621405241e+01
1.948789615332333014e+01,7.595715603584595854e+00,-2.101251114863428171e+01
1.972421488959205860e+01,1.726667299143650425e+01,-1.414151412850858947e+01
1.396323428039490366e+01,1.038163570272436154e+01,7.973480282047935574e-01
1.072192732688240824e+01,9.583637552594620246e+00,9.221270873845734073e+00
6.190552325726555338e+00,5.128413161287137534e-01,1.131236887679078862e+01
1.627590039413897216e+01,6.824956552523127051e+00,-1.127943914424779948e+01
1.369462345107758594e+01,7.603912375717141181e+00,-1.874893099603122337e+00
3.252338786897825962e+00,7.976455617938009723e+00,1.798652489055545800e+01
1.821854368987684936e+01,1.160344738454664615e+01,-1.584378714245939079e+01
1.645074485846338064e+01,1.067205093453756959e+01,-8.796090104733281123e+00
1.899599826583848028e+01,1.215810185586889247e+01,-1.916236011278187235e+01
1.451439016776719981e+01,1.529766523084256491e+01,2.327325935850280025e+00
1.226830391871579806e+01,1.625971477432187129e+01,3.945919621170246749e+00
8.364860725812377495e+00,1.436246152452988767e+01,1.521037464334362355e+01
1.865456966708026698e+01,1.911047391909869475e+01,-1.507338424794384579e+01
1.732127779000816759e+01,3.646516535272326109e-01,-1.476257420345712035e+01
9.043734021237881393e-01,3.915559713670921926e+00,1.652353333050309558e+01
5.273394899450400963e-01,1.512574995628424013e-01,1.498170653851189726e+01
7.529267337560991535e+00,1.294949428309205963e+01,1.428752128734614502e+01
1.621106661563665696e+01,1.796061097899973902e+01,-1.740386390032253594e+00
1.974552258629888968e+01,4.869645931525985461e+00,-1.922372641147879335e+01
3.008337822070563661e+00,1.854069089592613295e+01,2.074296724702464090e+01
1.188261430704270261e+01,1.205347805791217031e+00,3.795093798507452654e+00
7.617817132620430698e+00,1.868872053611028505e+01,1.496863517276873168e+01
1.939828795629206581e+01,7.032453744792688255e+00,-2.269535777296750112e+01
1.684237846271417283e+01,2.028416568984330315e+00,-1.147073613459560804e+01
1.676657409422275791e+01,9.717435183726513159e+00,-1.041223226441314509e+01
9.373863195899405198e+00,5.135531354410158400e+00,6.365170761021897938e+00
8.296390046753304048e+00,5.697458039238457062e+00,1.009141772664440495e+01
5.468141438614124716e+00,6.145799298525731480e+00,1.585160708276887931e+01
1.127509933018542299e+00,1.606051795665326765e+01,2.121605398277222676e+01
1.729444752510106298e+01,1.078322553350508883e+01,-1.318162898567410757e+01
1.625802018260155180e+01,6.226153983120072510e+00,-7.158292608376949140e+00
1.999435346572261096e+01,1.220667566621836642e+01,-2.258185766722763077e+01
1.993273674147810937e+01,1.432301348446387124e+01,-1.786986376084172434e+01
1.110863411205254891e+01,5.452480014670674890e+00,2.986096481421356863e+00
1.537974830361021006e+01,8.270982030507029847e+00,-2.613361103642019678e+00
1.889531459764856081e+01,2.437721866738951082e+00,-1.716102953025860245e+01
1.699294781354823058e+01,3.622986990693606302e+00,-1.512959221578652347e+01
4.946962034863952695e+00,1.362235707929965578e+01,1.642208250666699598e+01
9.010882706201870818e+00,3.628766953912538895e+00,1.043958829160032842e+01
2.583188303029899657e+00,1.050326767334120248e+01,1.939729109494784254e+01
1.908102054517444657e+01,1.418092523444865449e+01,-1.456198408146235579e+01
1.212349268901760091e+01,2.137538461894876729e+00,2.914888579121378775e+00
4.572856110069254854e+00,1.134624439257807182e+01,1.896574955039029220e+01
1.343401368811713503e+01,5.131255674027275226e+00,-1.464142939870059834e+00
1.236256480915791656e+01,1.925853750475159742e+01,5.846496799139218936e+00
7.163254360656809538e+00,9.670912934398494087e+00,1.405116788181833343e+01
2.271151843992580410e+00,1.611985099550316392e+01,2.020541520850840200e+01
1.343146391185599242e+01,1.100453084312523444e+01,9.678060140124351562e-01
1.040615401807586693e+01,8.682506570963832715e-01,5.408242234259354575e+00
1.544636783471278640e+01,1.266302751188044695e+01,-1.794198007049210730e+00
1.040327002223986774e+01,1.902806684413313931e+01,1.170932176913265010e+01
1.704363000637080106e+01,1.203223640292662466e+01,-1.140212146362299706e+01
1.103813677548971128e+01,1.638377718853580234e+01,7.018290596917557522e+00
1.121875943070772585e+01,1.768412926696815646e+01,8.384832834487188080e+00
1.753307205316690087e+01,4.561595438978649497e+00,-1.675546018891404643e+01
8.069657324247941688e+00,4.240896798164532910e+00,1.087080068245763620e+01
2.680304569012814664e+00,1.221961977701983493e+01,2.012840909328133421e+01
5.756535262667794584e-01,8.220569396134093765e+00,1.880723101011367149e+01
1.510274511347238047e+01,1.679722605733440588e+01,8.281222397512255640e-01
1.240619102706929411e+01,1.800046246796022231e+01,6.151482123458899665e+00
1.408159536198447093e+01,7.068427586054362166e+00,-4.221935588368715742e+00
4.259283230178214197e+00,4.737411179489640745e+00,1.648755934539833135e+01
2.727429511735395273e+00,1.561051030487723601e+01,1.951059545212985924e+01
2.908933133576385721e-01,5.496120710962721922e+00,1.595567130244626775e+01
7.011751176131939545e+00,1.645228637027356910e+01,1.816502143195346264e+01
1.179835373709266122e+01,8.474765072975255720e+00,3.195236955191576911e+00
7.844880901994645939e+00,1.335099798582940878e+01,1.238480738987342633e+01
8.749498440474582139e+00,1.910706276693363570e+00,6.272413867681620125e+00
1.808317388987496699e+01,1.247718649353146070e+01,-1.426546296689864235e+01
6.965109340466007382e+00,9.035353574744583227e+00,1.395735400068328680e+01
1.027978978319621639e+01,1.173216926350948164e+01,1.131668830001431303e+01
1.567306025482286103e+01,3.360284154897268394e+00,-6.362452334591306879e+00
7.930855646425403194e+00,1.473747489888364193e+01,1.336541021454770473e+01
1.244173400455746936e+01,1.725594155086456993e+01,8.628746750039914204e+00
1.724727417493490478e+01,4.334796001815512945e+00,-1.470165369212626238e+01
1.899041247315284409e+01,1.914291110403234519e+00,-2.316768033888853040e+01
2.941469618580758727e+00,4.727717209267279230e-01,1.538533297064162930e+01
1.853175250322988887e+01,1.283943000886532104e+01,-1.634913921542463200e+01
9.842325861590763836e+00,1.214188072177561573e+01,1.045204289345513793e+01
5.164887765979166545e+00,1.093394825428140038e+01,1.658122424573732090e+01
9.182715124765225667e+00,4.638941922319508748e+00,6.244511679052673792e+00
1.960065150570954273e+01,7.818119918110292943e+00,-1.837941619774888125e+01
9.852361879857392424e+00,1.188952670372346176e+01,8.255472396533409807e+00
6.575032205750163783e+00,9.935337177183388491e+00,1.578819048599636332e+01
1.266801708633451540e+01,1.975571040429774428e+01,4.637286989661879133e+00
4.802912375563861858e+00,2.728795051134662586e+00,1.459123629597832306e+01
1.517266562173278377e+00,1.390289108095187487e+01,2.065668158241358299e+01
2.577594438212984507e+00,8.086375362085842511e+00,1.843353587458381426e+01
2.560916779155448797e+00,8.563992298512294710e+00,1.782566458352232530e+01
3.038053870245887023e+00,1.435195531316352557e+01,1.940533899698789710e+01
2.776543452988202709e+00,1.384872302648739328e+01,2.046650701889199553e+01
1.281749489606429293e+01,1.982511987404376441e+01,7.401324335983806790e+00
3.637601687982896514e+00,2.567885789082504644e+00,1.481206764071520254e+01
6.913345666477264118e+00,2.082192987683326724e+00,1.292302483861543649e+01
1.793576819812023615e+01,1.448677634257482261e+01,-9.076454946660227563e+00
9.479232805257446159e+00,1.156773834012818192e+01,1.131144500155219923e+01
1.335115477042054266e+01,5.483213331196116869e+00,-2.741000298476259367e+00
3.446397424032596746e+00,1.588387379779732100e+00,1.355228581101390972e+01
3.845780376173415505e+00,1.713164991928610714e+00,1.461109935745648158e+01
8.173723253295772651e-01,1.788381749328236481e+01,2.190789850803428607e+01
3.378701261443290971e+00,3.837346494374858086e+00,1.586623004948852866e+01
5.571806780639172452e+00,6.467431242310414774e+00,1.277217906896281718e+01
3.540209685534936312e+00,4.533128044539759927e+00,1.513804255374849461e+01
1.774050675141112254e+00,7.099926116638746620e+00,1.754201513541102386e+01
2.412717422012016222e+00,1.388476854921867343e+00,1.479103855444351190e+01
9.215575360654515435e+00,1.038119581816540737e+01,1.285579081098935639e+01
4.126674368115850200e+00,1.352251271844298053e+00,1.292167237976946303e+01
7.285397220961509213e+00,1.600713015644723214e+01,1.535970600768422045e+01
1.006834541709713804e+01,4.674241638208660454e+00,6.875653607373726217e+00
1.380789657258730685e+01,1.080023829209021180e+01,-2.358585563610166247e+00
7.862427968219787289e-01,1.760158175122916546e+01,2.174892826249650568e+01
1.598820797818085282e+01,1.301754738094388308e+01,-3.401662383564683090e+00
1.255800778981815569e+01,1.065915573102670599e+01,5.878752095961361945e+00
1.635180638977438150e+00,6.486675062307512007e+00,1.687221664129874910e+01
1.747157248213554581e+01,6.660038261163958140e+00,-1.321086697141063127e+01
1.841744801063626369e+01,1.338973910396380163e+01,-1.065119653724394588e+01
1.221559197097275007e+00,1.988278722442334967e+01,2.265423877534749764e+01
5.537552962944074508e+00,1.323678379698757190e+01,1.574982799147183599e+01
1.612402559586122663e+01,1.115566834740049806e+01,-8.537394294826329499e+00
1.496519380767316676e+01,1.461301020478492241e+01,-4.096021910402768640e+00
3.690420387127546498e+00,9.304112245674362569e+00,1.764650245769033532e+01
4.186986466734206047e+00,1.202846852015704293e+00,1.237053956303045155e+01
7.409442055827639706e+00,1.124593631755819700e+01,1.600567905382313327e+01
9.690459703820426540e+00,1.915250569010760273e+01,1.272487126765829402e+01
1.236509543060591909e+01,3.506058847153192826e+00,-3.678370106183157517e-01
7.378272791395447783e+00,1.380009781641331479e+01,1.699637150581103739e+01
9.250694322662958768e+00,4.018673773181129505e+00,6.937604136801791554e+00
1.494941876267512981e+01,1.071655368946162490e+01,-3.021385547065109201e+00
7.336640578119579814e-01,1.933528992934392399e+00,1.541346313499643728e+01
5.048738886880414611e+00,9.007418725163702788e+00,1.766833343557422609e+01
1.426699171769104879e+01,1.512326657790492135e+01,2.940296289226228765e+00
1.790413675374398750e+01,6.951430484779641539e+00,-1.696871749349176639e+01
1.023354884231332207e+01,1.329823448974435962e+01,7.890198933742677667e+00
1.064226970530631355e+01,1.590899921579458365e+01,9.253309386745602438e+00
2.143440226795521042e+00,1.854355638958905317e+01,2.263526399211740170e+01
8.948247336469092872e+00,4.692841637109070874e+00,6.867950863305464893e+00
1.065234532910046283e+01,7.986318316186162392e+00,6.261934392691727247e+00
4.849410072694593232e+00,3.048320266608348650e+00,1.512894616412048521e+01
5.384864618987618812e+00,1.984967004316750305e+01,2.016405179135606573e+01
7.545683262092452992e+00,1.854001935848590676e+01,1.873389761539403153e+01
4.014239555545273674e-01,1.079914260561119121e+01,2.015206234420237408e+01
6.441583311663565681e+00,1.684066588752842364e+01,1.944113433350504749e+01
4.228960139930892481e+00,1.041915954544084322e+01,1.749436223762354103e+01
6.549947043558292492e+00,1.247171376005519505e+01,1.571289325242198132e+01
2.395242636385024326e+00,1.782488642320332328e+00,1.435007098526045510e+01
1.781054561479789911e+01,1.510540840993615852e+01,-1.329774874970013698e+01
1.187184907108097320e+01,2.554269672704696514e+00,-2.683476434697693591e-01
1.358204638288979282e+01,1.652135260505056635e+01,6.213495107988995514e-01
1.578342477214676620e+01,1.564056175340771837e+01,-9.799332071662441024e-01
9.968843978581144682e+00,1.417489395485952919e+01,1.088007120679668560e+01
1.738405761748473832e+00,7.232076104952422924e-01,1.551308277930170121e+01
1.074213083637095600e+01,6.062567118906572183e+00,7.667095712598806401e+00
1.173682236041758209e+01,5.262251398216857723e+00,1.169595397425197358e+00
1.490878948368660062e+01,7.202728149430381421e+00,-2.888487805774469841e+00
8.633190924593588278e+00,1.752854935276770831e+00,9.420660966602525832e+00
2.551606055911275206e+00,1.873915646062125617e+01,2.124757216171408203e+01
5.675518115974488964e+00,1.107604481424752585e+01,1.626210781249967141e+01
7.261645927972701919e+00,6.110486213160470470e+00,1.292460696619673755e+01
1.291834482663202444e+01,7.939630341485668374e+00,3.774324734533601955e+00
1.141556609337823858e+01,8.944050810096712212e+00,7.981083115518353921e+00
7.121934517956924893e+00,1.201188666721234632e+01,1.343089875033350999e+01
1.973030497585959253e+01,1.031358855392995544e+01,-1.785179221047404852e+01
1.211549638713774257e+01,1.838783946428834781e+01,8.354642486557814607e+00
4.744535834719889600e+00,9.939269658116604234e+00,1.667275888457157151e+01
2.035649452408074822e+00,1.984316029646625168e+01,2.283012678750016988e+01
3.057182783686640537e+00,1.702849915490191535e+01,2.196659682484951759e+01
4.919154567690162239e+00,4.170210287146716155e+00,1.583444545967366324e+01
3.213627465191113419e+00,1.861190429287832515e+01,2.127057008520201009e+01
3.731340481026115263e+00,2.327327957709521833e+00,1.542722613580907165e+01
5.701903373876941572e+00,1.634899416982383258e+01,1.679838136227579781e+01
3.467471905895096462e+00,7.612465869531601648e+00,1.802774110982228706e+01
1.793530849252850246e+01,1.755948640890138890e+01,-8.122700099070776503e+00
1.604674913232844169e+00,1.736113380214900559e+01,2.187778734904315669e+01
1.049022779140509343e+01,1.611850800235242431e+01,9.196019830571025011e+00
8.207936539793230679e+00,1.580060872614122758e+01,1.295392509171283102e+01
1.964757233817212878e+01,6.093582781960815709e+00,-2.016210171665823481e+01
2.240778043361046912e+00,1.618385661025043554e+00,1.476920472921269045e+01
7.957111980914833183e+00,8.059603575303228240e+00,1.389038124812020492e+01
1.938940866550737852e+01,3.470490299730173422e+00,-2.407670611991410325e+01
1.731014251787960490e+01,1.389902177804923511e+01,-6.650660655812029809e+00
1.634144141898559965e+01,6.921994530755711139e+00,-8.885097937336626117e+00
5.158056540898796172e+00,1.951220401719829667e+01,2.033108709391399316e+01
3.417751747801316409e+00,1.281944154690664028e+01,1.875341326691129495e+01
1.337286439848861974e+01,1.644961127268721768e+01,3.869942926437901498e+00
1.858751978255171622e+01,2.650493454836968521e+00,-2.094760780383465359e+01
1.113525786027859610e+01,1.724028964545244946e+01,8.697706629501952946e+00
1.143225378939799697e+01,1.845514381026788797e+01,8.150358307132121283e+00
5.599581873205683458e+00,9.741238376378717589e+00,1.419582150805810272e+01
1.538985866383873713e+01,1.212505875501954833e+01,-6.428113234424560396e+00
3.740874971150467410e+00,1.529619601805990925e+01,2.054091423295864161e+01
6.473584728084873063e+00,3.496772545208250982e+00,1.108434950087798931e+01
8.508728772328336021e+00,1.005132152926884892e+01,1.039976939589763560e+01
1.015220757368910043e+01,7.973260555446262110e+00,6.327992595173414614e+00
4.848194648301604737e+00,2.927479843244982227e+00,1.539664001600774057e+01
2.296736494784070715e+00,7.350688445830629192e+00,1.664568718695135274e+01
1.221240084883265098e+01,1.363446187709871360e+00,-1.394171450180284211e+00
5.772611064805115433e+00,5.162381389897396922e-01,1.215617949793466934e+01
1.162476442845224511e+01,2.703325783096455215e+00,2.591362489775989708e+00
3.087254305484046224e+00,1.926230223178347600e+01,2.200071117920840535e+01
9.622802037096349181e+00,1.099059071790033926e+01,8.168093919519636259e+00
1.065178865103171724e+01,1.931644322306440031e+01,9.015245943844696797e+00
1.036470736448538155e+00,8.649957566602639147e+00,1.836843785456274958e+01
6.732085563878412060e+00,6.236322661705191450e+00,1.122758602039516163e+01
2.688293538779484848e+00,1.012283725680488189e+01,1.918968868569330510e+01
1.267499409455354886e+00,8.790233772658202938e+00,1.812091543744823241e+01
1.979920464779890565e+01,2.113293685234878261e+00,-2.586920141049643718e+01
6.447076899494459390e+00,1.281652629380412378e+01,1.748355962295932642e+01
1.619748891709269856e+01,4.320763650191992156e+00,-7.378146039679656099e+00
5.092813095275277036e+00,1.239175909795659081e+01,1.780828775100147965e+01
1.363005444447858494e+01,1.300402184796306670e+01,4.151931146605337020e+00
1.520455719779373105e+01,3.040497062572962150e+00,-4.779132268969494390e+00
1.191277481215688638e+01,1.226992542213363180e+00,3.497326832117369833e+00
9.431523771003167411e+00,1.561523172136879722e+01,1.318189826889758720e+01
8.236818282945371550e+00,9.196008475386403092e+00,1.261222271011048335e+01
6.977365330859905512e+00,1.163275910109515809e+00,1.247301121264176516e+01
1.859058288495651823e+01,1.989732634339534201e+01,-1.370886414367977402e+01
1.661238815575458361e+01,1.155611219927332733e+00,-1.117683492850068205e+01
1.930053821333025255e+01,1.390070457717106400e+01,-1.950519503904697416e+01
2.485944469710894555e+00,1.967357850526827079e+01,2.136131598071676407e+01
1.461734950407288558e+01,4.783602084318512304e+00,-2.513252711713219512e+00
1.876680913642075765e+01,2.844987373743923520e+00,-1.903516816595325878e+01
3.624661323313203010e+00,2.427698788448577893e+00,1.541092846647021908e+01
1.329925347335549901e+00,6.065502951351911420e+00,1.752802939960363915e+01
1.482241298580118105e+01,2.020916220212933823e+00,-8.841952807352605248e+00
1.148946226359823797e+01,1.384322683388263897e+01,9.584458172201259174e+00
1.683657553516544070e+01,1.245835962601253843e+00,-1.044933920698344210e+01
2.795447532525789924e+00,1.018844256299579420e+01,1.808272409215032184e+01
1.590534623719780427e+01,1.993393707705953588e+01,-1.654199641679959143e+00
4.032546400954890586e+00,1.627940539012037746e+01,2.033216812584564082e+01
3.273118857314090135e+00,1.230438876462021724e+01,1.948726978045954539e+01
3.285315958619858812e+00,6.125072415732233821e+00,1.750789247653963088e+01
1.629149440462764176e+01,1.247791672583277034e+01,-4.330528280716912981e+00
1.330394441392400218e+01,1.054082927823303351e+01,3.865251786747580631e+00
1.046130849538238650e+01,8.521667677807428731e+00,9.638302614416341285e+00
7.176609682470049378e+00,2.614207534803989486e+00,1.072129876241599078e+01
1.754401081626216552e+01,1.773208430480933373e+01,-8.898782033935043856e+00
7.848902148452707728e+00,8.995692976426450826e+00,1.449161335549964491e+01
1.633198878943154142e+01,3.892450236415301301e+00,-8.233858865108182101e+00
8.782698171404367926e+00,7.355187017545792294e+00,1.235978908514743857e+01
7.538888588498151577e+00,8.282595050578541063e+00,1.186099978948000455e+01
9.253595713392128275e+00,1.655075791133748453e+01,1.462854739312861696e+01
6.027557483282841133e+00,1.467228761122804137e+01,1.805484953721426677e+01
1.495218760352502230e+01,1.538609787282679520e+01,-2.984995266328276387e+00
1.005440780184958349e+01,2.206252885729442781e-01,6.820050225524854071e+00
4.644253902936346101e+00,8.323079963595230168e+00,1.742622021268449828e+01
1.799149146549136802e+01,9.626883032706473386e+00,-1.468218268243508895e+01
7.677824427464228663e+00,3.838455364611337295e-01,9.652588902434601437e+00
1.087105722227977189e+01,5.196264174900684374e+00,5.117954667076686448e+00
1.812944221929094013e+01,1.520579646244270045e+01,-1.383861134831761319e+01
1.248475991827984188e+01,2.742194114579981079e+00,1.308594005393918458e+00
2.337960814167281409e+00,1.070620262905183395e+01,1.864934878022806686e+01
1.879664247226950380e+01,4.304037440344750109e+00,-2.067286570632231957e+01
1.255416106142835631e+01,2.424154928778654572e-01,-4.155027736264189642e-01
6.698112293141722517e+00,4.824029151990830044e+00,1.392810678984977457e+01
2.785441453267745171e+00,1.951747509820107496e+01,2.119328471834500860e+01
1.588050378540591900e+01,1.603074223765979056e+01,-4.102752663708707281e+00
1.240145511857027039e+01,1.919153288642066713e+01,5.565884460617889218e+00
1.066922183952643088e+01,9.757080878527249368e+00,6.537233281228552073e+00
1.787785166101915379e+01,2.194723973550070095e+00,-1.320187181731739301e+01
1.577194422449061406e+01,1.095918977947385997e+01,-5.657510169220238971e+00
3.033497594655023555e+00,9.087546691199218429e+00,1.843586912828151370e+01
6.234441355910965044e+00,1.688714165479231966e+01,1.603930078878206444e+01
4.969782796289314852e+00,1.961651615684891770e+00,1.280402334496919892e+01
1.487892585145353941e+01,9.764822740435564086e+00,-1.339627860384358105e+00
6.706486947155876344e-01,3.000973293879685144e+00,1.579426247595614541e+01
1.139779369742633008e+01,6.493518537801199031e+00,2.214253573850130330e+00
1.524917371481381068e+01,1.474714154775599262e+01,-4.989328087877578533e+00
1.753531273523498868e+01,9.520362587375331032e+00,-1.315569532413905662e+01
6.841634974318148821e+00,7.517765702915387038e+00,1.509567917756861988e+01
1.642514609344025800e+01,7.889525571400706205e+00,-1.079368755552443027e+01
2.212634739104144543e+00,9.188935368119732772e+00,1.897706815258294455e+01
1.692904583469036339e+01,1.570033087674113759e+01,-4.700043829359835001e+00
2.549773246639648328e+00,1.784169377880468943e+01,2.242081694213088028e+01
7.945745811207345355e+00,1.910669373007856464e+01,1.809582530873417028e+01
1.594590731559107155e+01,1.573806772510590157e+01,-5.132433446313831915e+00
2.998348546975475593e+00,6.308137914960254555e+00,1.669495614871399169e+01
4.585027904652829278e+00,1.376269412173084206e+01,1.880971675471874960e+01
1.444505136786132482e+01,8.752062481107838465e+00,-5.249097861890454908e-01
1.440073073092148803e+01,5.093412440921023077e+00,-6.068365920954952308e+00
1.282295265770594561e+01,1.681743158851845266e+01,7.581379021714987232e+00
1.387896888934200135e+01,7.685269792464999306e-01,-6.444283432142863255e+00
1.085448886695192350e+01,1.803523984270847080e+01,1.241853304563029781e+01
5.035981178139055103e+00,9.229549292494683144e+00,1.712638807469188151e+01
6.913919870078388819e+00,1.274402953616560907e+01,1.559983433147167986e+01
3.631954336028513364e+00,1.318707844411565411e+01,1.805696303187821528e+01
1.816901122667256629e+01,1.790235481413072804e+01,-1.373149837054191025e+01
1.166783589532240839e+01,1.273339364334414725e+01,4.530386682057499392e+00
8.017028335272797790e+00,1.227867169520123625e+01,1.167954081806635003e+01
9.240116072882653242e+00,1.333040811213799248e+00,6.447455360812120340e+00
1.894566679223630601e+01,1.036816043890408068e+01,-1.381491514322592629e+01
3.067028062321603965e+00,3.003380016340833070e+00,1.549795435646511876e+01
1.172459664033594429e+01,1.474867537442971255e+01,6.822329757219718793e+00
1.011777357768932006e+01,1.024443841625348917e+01,8.910939939428541123e+00
1.222908470869295705e+01,1.360455558416706623e+01,5.819164965963977920e+00
3.622036764168101719e-01,8.334580120476853260e-01,1.501832399151380670e+01
1.744247817888302876e+01,1.695840320916064403e+00,-1.750442549188662156e+01
1.864236564967224652e+01,1.432646776125364596e+01,-1.415150471797071319e+01
1.130266367178417930e+01,1.441686719973467312e+00,1.458635988208008882e+00
1.393301647753784422e+01,1.425134555305171968e+00,-1.616464641628515331e+00
1.844998762354591548e+01,2.421695046977490051e-01,-2.177179731707525434e+01
1.414477268626797191e+01,1.913002796598960131e+01,3.707717331595590693e+00
3.050780858285226937e+00,1.475016718918013936e+01,2.091815938409256859e+01
1.152576720333626348e+01,7.065028170041283140e+00,3.933235670279275453e+00
1.213430092765711876e+01,5.930711625753104954e+00,3.365711407882382655e+00
8.482613426047720395e+00,6.994064594916991062e+00,1.135995022095151619e+01
1.472888471249445708e+01,1.549307062362363752e+01,1.947963396794172297e+00
1.868734029538029517e+01,1.322741222140828832e+01,-1.216595276029358530e+01
1.851137025813552839e+01,3.703911357349358724e+00,-1.931232357632775987e+01
9.016787428082642109e+00,3.482186706681686950e+00,8.223511138350753313e+00
2.264760916815105052e+00,1.967912994267946303e+00,1.448332680914458592e+01
1.969682397924669104e+01,1.320605439402676318e+01,-1.674645802801554950e+01
1.677796172891868309e+01,1.528745324443471887e+01,-9.571259449266346309e+00
2.493253624065336904e+00,5.300928566500080485e+00,1.705176868738894314e+01
1.841683765234744641e+01,4.188992206182562406e-01,-1.586533799391048660e+01
1.739792724124256651e+01,1.643433349528546916e+00,-1.550450181804875527e+01
1.037676114252144188e+01,1.935720069690060896e+01,1.151751457897982078e+01
1.182550871489858579e+01,5.908895549548405235e+00,5.082283747092796844e+00
7.980054077402605195e+00,1.538446295676267184e+01,1.427839187009493926e+01
1.095232776440626665e+00,1.249327137708527502e+01,1.995910199075009572e+01
6.703944832918018903e+00,7.638792793057918473e+00,1.510287170724831185e+01
1.605706897196022709e+01,4.113745243911102634e+00,-9.362749567608348755e+00
9.264046009205717525e-02,2.427728363188128569e+00,1.543967483746933489e+01
6.669983433822883612e+00,1.230025936077733206e+01,1.614170120569396261e+01
7.963373871818866689e+00,1.549267561275575922e+01,1.329420460898671763e+01
1.074791205875845712e+01,1.287808507082261400e+01,9.030336842440050305e+00
1.839711232825521137e+01,1.060604266498316584e+01,-1.362680011884866360e+01
6.926919887319225033e+00,8.390244686327252843e-01,9.658570587153640474e+00
6.939064037924554285e+00,1.936977555188767752e+01,1.915148525626165465e+01
1.475002496219496706e+01,1.597428383309149069e+01,-3.710137119478229550e-01
9.044358817796142702e+00,5.856440734019294325e+00,1.009916487416746733e+01
4.492096458799639258e+00,1.959940658717701467e+01,2.093867802742328266e+01
9.048790322653868401e+00,1.203763179272644201e+01,1.351500696716395744e+01
2.817140407595997154e+00,1.164845316414492871e+01,1.988630001747685938e+01
3.527739730124466178e+00,1.496146358859064307e+01,2.047966511062204731e+01
9.967355454789593949e+00,1.623539576180274935e+01,9.261198184528229405e+00
8.378508990090958619e+00,1.312957214663005345e+01,1.312459664095672451e+01
1.829691802136199996e+01,2.561914927324000502e+00,-1.673736020689848658e+01
7.247877982332662228e+00,6.765350119889967928e+00,1.058547643660251758e+01
1.161176700556086949e+01,1.856167280652099549e+01,1.125729096874052715e+01
1.264528575839060665e+01,4.492312236877038956e+00,1.453745821207072852e+00
2.618891317666727225e-01,7.443340476750266888e+00,1.672549372381759980e+01
1.327074744033421183e+01,8.641537658883919448e+00,3.430731554814145490e+00
3.560719337395028550e+00,8.788099793889044165e+00,1.709033381753217284e+01
1.922140634938910253e+01,1.225879164989050985e+01,-1.707751120683744972e+01
2.973254555062259108e+00,1.886151675489415069e+01,2.116847444799579492e+01
8.292482474540474158e+00,4.813854236650099594e+00,1.173442570830997589e+01
1.706993361572877177e+00,2.430027526018361250e+00,1.522881197309975576e+01
1.993748503691894669e+01,3.949409797198746297e+00,-2.376945234248064764e+01
1.004390020662485128e+01,1.773849800418539147e+01,1.382461822701260346e+01
1.190770034640087616e+01,1.291621625310412114e+01,6.322049467139806644e+00
1.341529547768549602e+00,5.718135784783202169e+00,1.739619213742360415e+01
1.499920940798355673e+01,1.631893877937234549e+01,-1.700309574566736259e+00
4.198111861911715259e+00,1.722739992726872060e+01,2.003404163454064602e+01
1.796108578881427320e+01,1.693028677380556246e+01,-8.744288519175299257e+00
4.102792809640143368e+00,1.837853067279108998e+01,2.067529235907451834e+01
3.813754413273331423e+00,5.044820403467231706e+00,1.607256736976206923e+01
7.309933569618976001e-01,1.510083857492556625e+01,2.129996104236325039e+01
9.441338902199984062e+00,9.210789945482799723e+00,7.878331577112771988e+00
1.129682266525232848e+01,1.683997105780122894e+01,1.136299281112247606e+01
1.314172788567047334e+00,1.456981354323226441e+01,2.073535729556999740e+01
1.551055233390021115e+01,1.552894892999449183e+01,-4.817626202060676377e-01
9.065776694960552717e+00,1.312323675362143049e+01,1.115539426975992221e+01
1.048780538655160122e+01,3.548575389394137414e+00,4.329861584056861723e+00
8.815254938764562453e+00,1.090053837793876568e+01,1.368554714163073349e+01
8.015261217506520097e+00,1.969339479049016362e+01,1.789893062239938715e+01
1.119280662616435862e+01,1.874776132994237798e+01,1.142643423098924771e+01
3.104804918614250120e+00,8.634747159402333949e-01,1.488506212863377343e+01
3.638562609905422462e+00,3.296296314588742504e+00,1.429480797453250496e+01
1.723571242027034600e+01,2.634575469091238187e+00,-1.083575720251257124e+01
1.892230924267265380e+01,1.451959819970591070e+01,-1.790701207884429280e+01
7.466186325595058904e+00,1.635570659713890151e+01,1.676437744943568831e+01
5.414893462871075869e+00,4.270227326213438701e+00,1.224708627596863941e+01
1.287999086478031430e+01,1.011705385903658083e+01,-9.227042544292363146e-02
8.174683421961928431e+00,1.681406056022400008e+01,1.356478080297424071e+01
5.077271132068972292e-01,1.465603089532501180e+01,2.021573543228388559e+01
3.123051947323807198e+00,1.084474410983696657e+01,1.908641073836797375e+01
1.431944457694795148e+01,1.180695380917545734e+01,-2.233773955519487764e+00
1.317847883820302712e+01,1.016721093832559930e+01,3.997836494180599942e+00
5.419198500696698062e-01,5.950969026376411009e+00,1.740202751394856406e+01
4.439443238658988378e+00,1.130043985718032218e+01,1.740373749653255331e+01
4.621495931761428366e+00,1.377770604100181373e+01,1.951689466655587779e+01
1.343785487197456874e+01,1.746645831721615494e+01,5.976533785598840964e+00
3.942107550872830934e-01,1.272582707958496151e+01,2.096290187610519240e+01
2.082171639691476894e+00,1.522243074086316028e+01,2.085796069825290289e+01
1.599832170746378779e+01,3.201432699091459888e+00,-7.055545425643304114e+00
3.570893241086672276e+00,9.231149488395796965e+00,1.868980301365627383e+01
1.305492215703749359e+01,1.866323965418659192e-01,-3.033030770987421576e-01
4.763655620934530432e+00,4.933577290432459961e+00,1.314599070614870513e+01
1.988827855186903193e+00,1.452923430226009671e+01,2.001564871081471964e+01
4.863443819989081263e+00,1.983619902698726989e+01,2.182485856238253064e+01
1.444533863711318311e+01,1.983561991744318131e+00,-6.061100289340223490e+00
1.711392936212571669e+01,8.029886317225765069e+00,-1.312805060191813666e+01
1.660439729133983278e+01,1.600141937398318959e+01,-3.433935522544369512e+00
7.943670592369096894e+00,4.080712692577977307e+00,1.206583884811498208e+01
1.336170273141292242e+01,1.110169898604572580e+01,-4.843984808564005817e-02
4.099685908316419436e+00,1.466142592059349603e+01,1.861240664466474470e+01
5.862954605220265236e+00,1.231970900520358114e+01,1.653774170475819716e+01
1.792671637042239396e+01,3.760494692308322673e+00,-1.849410985091486026e+01
2.600384702147207072e-01,7.107691373714787986e+00,1.654090921670448466e+01
1.710170617089361578e+00,1.567583568970794516e+01,2.151151414718177435e+01
4.157725102920545979e+00,1.108453028264033335e+01,1.893220661099707769e+01
5.306440774763943047e-01,1.045922708582547322e-01,1.497852750426115165e+01
3.628708701795946290e+00,1.521981520056187698e+01,1.852249366156242161e+01
1.166083121939384348e+01,7.062270988047814058e-01,3.964904241783930416e+00
8.428491011849958525e+00,1.491467565462464329e+01,1.395675744722873901e+01
1.785343422153949788e+01,4.049611203304747775e+00,-1.537809145837339742e+01
1.634887123476881854e+01,1.916146960238760499e+01,-6.236755612518552816e+00
6.836347033957519415e+00,7.358815026041689578e+00,1.335053998210507586e+01
5.188468668625850100e+00,6.538632326761582014e+00,1.589612183499304443e+01
7.593848163345338520e+00,2.977761006648893538e+00,9.243995801970221748e+00
1.180589885029615438e+01,6.112084309804297177e+00,3.748400186883356078e+00
5.361272816457525181e+00,1.753301523656401173e+01,1.872587870862723491e+01
1.248297815698268032e+01,1.992668675254494559e+01,6.050339300784504104e+00
8.188233043824808988e+00,7.366190610136966299e+00,1.001007098244432569e+01
1.104094361703960558e+01,8.972212619090850438e+00,4.009397420075062612e+00
8.722530582706333746e+00,1.444141876405474179e+01,1.381254267657476120e+01
5.889315190838352976e+00,1.772391560930148913e+01,1.746648989803756535e+01
1.896906613924313234e+01,1.186088668373568211e+01,-1.898601593607546789e+01
1.527211588319521596e+01,7.830513963556587242e+00,-4.628623614584043366e+00
2.802263515329050936e+00,8.252436816972474887e+00,1.658187008993064637e+01
1.736935951795825517e+01,1.391236292993613688e+01,-8.887745960736346262e+00
9.748623964990272839e+00,6.436527208557363267e-02,6.859081902824015309e+00
1.789104453788182880e+01,1.239178674919681455e+01,-9.237279465708091664e+00
1.599710511894630471e+01,7.109860208827147865e+00,-6.091467186922153942e+00
8.504270089384668552e+00,1.588394662554168590e+01,1.413654108790505326e+01
4.493861664023479641e-01,1.859812796462643192e+00,1.513037205600139679e+01
5.373547187698921590e+00,1.176404533896780968e+01,1.744618495889095300e+01
1.083268429321733883e+01,9.619457797722475334e+00,5.904518516654050586e+00
1.266956439652294542e+01,1.284651051810454803e+01,2.646532851756848714e+00
5.157753708664046144e+00,1.297071889659366928e+00,1.350767563739960408e+01
2.787121481456482641e+00,1.159967574856262473e+01,1.967468590519406746e+01
1.669860473598598105e+01,1.122969175919047480e+01,-1.072330590354895463e+01
1.968804361407104153e+01,1.121320188832341813e+01,-1.702893019957830845e+01
1.051380364605371653e+01,1.206975333192909616e+01,1.099542230615922023e+01
3.433585716966069956e+00,1.352935874452724363e+01,1.999853140572773924e+01
5.446146530387379059e+00,1.609977999361539602e+01,1.800084995480188965e+01
3.678135309493346661e-01,5.396414402564286839e+00,1.622938533667803895e+01
1.828597613120998133e+01,1.650098820360124208e+01,-1.142088633478888937e+01
2.355021657802822688e+00,9.965113645269072506e+00,1.757865516119959892e+01
1.153032951028507114e+01,1.541165582686623292e+00,1.659278950385258966e-01
5.481104413744120052e+00,1.171018584879583990e+00,1.269362484960488402e+01
1.108356005031586733e+01,6.684766373921215532e+00,3.066991053275196499e+00
1.302840776703728487e+01,1.569793954222935106e+01,3.508345387830281936e+00
1.659483607414403394e+01,1.415361869481831469e+01,-4.978162788990561971e+00
4.128425435212063732e+00,1.577229929344812831e+01,2.067785385481927918e+01
2.199165731696095527e-01,1.034538112883218730e+01,1.797918731483132859e+01
2.737712601376145471e+00,8.803979959109810238e+00,1.690869293345101099e+01
1.800037283696210011e+01,2.949050534125678968e+00,-1.530409346123412107e+01
1.747780155125030532e+01,6.563855072186230544e+00,-1.006499352895313137e+01
1.194826204340616549e+01,8.680387323477505745e+00,4.089463663966787621e+00
1.201033720867306798e+01,1.772008593592344639e+00,2.901891299225189513e+00
1.330073349092510959e+01,4.412239054224224688e+00,1.257434507215170250e+00
3.507425572468991781e+00,1.196450588127477666e+01,1.742395006636305865e+01
1.828823891849919647e+01,1.471326228478379683e+01,-1.514718953998621842e+01
8.375410497841462742e+00,1.996695022785899454e+01,1.455949909657354979e+01
7.662770564989949129e+00,1.866226662687115478e+01,1.456066590701892949e+01
1.037835410565675076e+01,1.285130399070382978e+01,1.168557018427967442e+01
9.393193355011009160e-01,8.424961065881440447e+00,1.821926426660295562e+01
3.325667375121588165e+00,1.272354729416465347e+01,1.778741604060168413e+01
1.476067232852740929e+01,1.571303236160463968e+01,-1.893337921245853650e+00
1.655973358502529358e+00,2.366723818467746376e+00,1.531858598133578830e+01
1.206304218932776351e+01,8.198097793925764876e+00,1.242843382837428123e+00
4.906982193626419075e+00,1.679604571271234548e+01,2.037900138444781462e+01
7.785912280839530908e+00,7.676659038660879730e+00,1.184556483650953496e+01
5.773874735413997428e+00,1.143744542454373025e+01,1.612744807849101036e+01
7.113454329298982692e+00,1.175538721724396396e+01,1.647181029390769780e+01
1.438091810368490897e+01,3.689525062672787126e+00,-3.295353636170680112e+00
5.942434312463500845e+00,7.244708833045767626e+00,1.293688765994810197e+01
1.132809280593794377e+01,6.690225774838642891e+00,5.764719196354260333e+00
9.521008043981993296e+00,5.239341706412958821e-01,3.976396758456190561e+00
1.327342330725296193e+01,4.838352778271048926e-01,-2.066666884248458125e+00
1.873659478649516075e+01,1.663394087351547057e+01,-1.521594692418554295e+01
1.465144194420500590e+01,5.461416199456248677e+00,-6.954848879963369868e+00
4.298807571815135731e+00,1.036157532477630916e+01,1.807145420627583121e+01
6.236627012256934499e-01,5.974511471775461047e+00,1.761142573427854785e+01
5.245280885996502107e+00,1.881358490230681113e+01,1.818027153081019165e+01
1.190155861400509707e+01,5.185935177315474931e+00,6.900590647772428810e-01
1.028516269685006979e+00,8.593136254778702465e+00,1.834703368627584652e+01
9.927324944024727316e+00,1.745460500969203821e+01,1.104656257430084487e+01
1.193685697833778470e+01,1.683867133583617459e+01,7.335156375394386252e+00
6.684877816339216849e+00,3.722028356925546344e+00,1.154737861856667180e+01
1.541824407491643889e+01,1.605286619591420916e+01,-6.335142053347952995e-01
2.131965062675436062e+00,9.163737734757852138e+00,1.869122508083302847e+01
1.502755634716175237e+00,9.659377441707103884e+00,1.901639274824123405e+01
1.456377512407206609e+01,2.669599448318875634e+00,-2.665582278103925340e+00
9.909826324123969243e+00,1.612030275142493085e+00,5.219276025497019411e+00
1.376804792855472037e+01,1.455878613947530376e+01,3.527615522656830649e-01
8.696546772074924547e+00,9.929223047105995903e+00,9.247849304709344409e+00
4.928040664782136204e+00,8.737014052303591072e+00,1.479159527484238801e+01
1.638204635348399307e+01,1.459016457304793413e+01,-5.293830640290509315e+00
1.598831757937958464e+01,1.531025797982219494e+01,-5.148331816399194238e+00
1.389392941708853613e+01,3.178163353387071233e+00,-2.575015460319807659e+00
5.442902744599253495e+00,1.220450298955282520e+01,1.617549160286420573e+01
1.180461333738174190e+01,2.707081645553710558e+00,3.417348658393924765e+00
7.219477938800535455e+00,1.502750172058091316e+01,1.776464991665660165e+01
1.831641466532683005e+00,1.313910312534279079e+01,1.939024406869783235e+01
1.834627150924485761e+01,1.913229242166915967e+01,-1.319556122648910801e+01
2.736372618379228072e+00,1.379160327128423624e+00,1.420796556923170506e+01
1.900474707641604866e+01,1.141094423025086346e+00,-1.977750848510714121e+01
8.920115459159115190e+00,5.643741493864002479e+00,9.469732932693634808e+00